{
    "info": [
        {
            "nome": "Alexsander Sampaio Lima",
            "imgperfil": "assets/perfil.webp",
            "nascimento": "14/09/2003",
            "email": "alexsandersampaiolima12@gmail.com",
            "telefone": "(11) 94026-4105",
            "linkedin": "https://www.linkedin.com/in/alexsander-sampaio-lima-b43219241/",
            "github": "https://github.com/Alex-sampaio-lima",
            "cargo": "Desenvolvedor Full-Stack",
            "cidade": "São Paulo - SP"

        }
    ],
    "experiencia": [
        {
            "cargo": "Analista de Suporte JR",
            "empresa": "Stefanini",
            "descricao": "Prestar suporte aos colaboradores da Amil",
            "data": "09/06/2025"
        }
    ],
    "formacao": [
        {
            "nomeCurso": "Análise e Desenvolvimento de Sistemas",
            "instituicao": "SENAC - SANTO AMARO",
            "data": "04/08/2025",
            "status": "Cursando"
        },
        {
            "nomeCurso": "Inglês",
            "instituicao": "Wizard",
            "data": "10/02/2021",
            "status": "Cursando"
        },
        {
            "nomeCurso": "Algoritmos e Lógica de Programação 2022",
            "instituicao": "Udemy",
            "data": "20/09/2022",
            "status": "Concluido"
        },
        {
            "nomeCurso": "Cybersecurity - FIAP ON",
            "instituicao": "FIAP ON",
            "data": "10/09/2021",
            "status": "Concluido"
        },
        {
            "nomeCurso": "Sustainable Diet - UN CC: e-Learn",
            "instituicao": "UN CC: e-Learn",
            "data": "16/08/2022",
            "status": "Concluido"
        }
    ],
    "conhecimento": [
        "Java",
        "React",
        "Python",
        "JavaScript",
        "Angular",
        "TypeScript",
        "AXIOS",
        "SQL",
        "MONGODB",
        "CSS",
        "SCSS",
        "ZOD"
    ]
}